day_of_year,day_of_month,day_of_week,week_,month_,quarter_,year_,event_count,org_ct,ind_ct,repo_watch_event_count,repo,user_event_count,username
32,1,6,4,2,1,2019,1403705,475885,927820,1070,tyroprogrammer/learn-react-app,17,bvcms-teamcity
33,2,7,4,2,1,2019,957092,236020,721072,428,nextapps-de/flexsearch,28,OnlyReFLeX
34,3,1,5,2,1,2019,919768,224607,695161,900,AioiLight/TJAPlayer3,239,DzianisMatveyenka
35,4,2,5,2,1,2019,1355038,467066,887972,489,nextapps-de/flexsearch,40,stackerine
36,5,3,5,2,1,2019,1439441,505587,933854,697,toddmotto/public-apis,62,yahyaali19
37,6,4,5,2,1,2019,1594722,552220,1042502,910,pomber/github-history,60,jenkins-plone-org
38,7,5,5,2,1,2019,1633404,560820,1072584,1711,pomber/github-history,27,ksenya-torkova
39,8,6,5,2,1,2019,1634801,543853,1090948,1443,trimstray/nginx-quick-reference,64,jenkins-plone-org
40,9,7,5,2,1,2019,1198775,277478,921297,570,trimstray/nginx-quick-reference,65,yahyaali19
41,10,1,6,2,1,2019,1211093,270661,940432,600,pomber/git-history,302,DzianisMatveyenka
42,11,2,6,2,1,2019,1768560,573228,1195332,988,pomber/git-history,64,FoxBoxsnet
43,12,3,6,2,1,2019,1891952,637546,1254406,876,pomber/git-history,58,jtguggedal
44,13,4,6,2,1,2019,1879278,636859,1242419,746,uber/ludwig,50,NICE-TeamCity
45,14,5,6,2,1,2019,1823316,641985,1181331,1217,sveinbjornt/Sloth,35,generalbytes
46,15,6,6,2,1,2019,1704660,583517,1121143,1343,GoogleCloudPlatform/microservices-demo,26,mschubert
47,16,7,6,2,1,2019,1150241,297776,852465,5667,DankMemer/webhook-server,41,OnlyReFLeX
48,17,1,7,2,1,2019,1174420,274079,900341,723,trimstray/the-book-of-secret-knowledge,180,DzianisMatveyenka
49,18,2,7,2,1,2019,1785377,567883,1217494,1365,deepfakes/faceswap,36,xavierlepretre
50,19,3,7,2,1,2019,1882803,622678,1260125,891,imthenachoman/How-To-Secure-A-Linux-Server,33,0pdd
51,20,4,7,2,1,2019,1878243,618069,1260174,1910,Micropoor/Micro8,42,NICE-TeamCity
52,21,5,7,2,1,2019,1893181,631991,1261190,2803,Micropoor/Micro8,63,AnuchitO
53,22,6,7,2,1,2019,1787995,591776,1196219,2582,imhuay/Algorithm_Interview_Notes-Chinese,105,gitsa2019ccc
54,23,7,7,2,1,2019,1194008,301969,892039,1064,mbinary/USTC-CS-Courses-Resource,36,3dsexploits
55,24,1,8,2,1,2019,1234331,291024,943307,890,mbinary/USTC-CS-Courses-Resource,194,DzianisMatveyenka
56,25,2,8,2,1,2019,1924226,629827,1294399,1529,mbinary/USTC-CS-Courses-Resource,69,bvcms-teamcity
57,26,3,8,2,1,2019,2009651,668756,1340895,2341,mbinary/USTC-CS-Courses-Resource,50,bvcms-teamcity
58,27,4,8,2,1,2019,1923071,656035,1267036,1673,Microsoft/frontend-bootcamp,45,NICE-TeamCity
59,28,5,8,2,1,2019,1894941,634424,1260517,2313,mbinary/USTC-CS-Courses-Resource,40,NICE-TeamCity
60,1,6,8,3,1,2019,1747814,585370,1162444,1355,mbinary/USTC-CS-Courses-Resource,60,elpiankova
61,2,7,8,3,1,2019,1214507,315822,898685,901,mbinary/USTC-CS-Courses-Resource,29,aoya6i
62,3,1,9,3,1,2019,1237916,291242,946674,563,pikapkg/web,131,DzianisMatveyenka
63,4,2,9,3,1,2019,1876243,619341,1256902,933,mbinary/USTC-CS-Courses-Resource,47,NICE-TeamCity
64,5,3,9,3,1,2019,1912467,641249,1271218,741,alibaba/fish-redux,111,bvcms-teamcity
65,6,4,9,3,1,2019,1904967,654130,1250837,4908,NationalSecurityAgency/ghidra,73,NICE-TeamCity
66,7,5,9,3,1,2019,1902955,648639,1254316,4965,Microsoft/calculator,56,bvcms-teamcity
67,8,6,9,3,1,2019,1741877,578043,1163834,2659,Microsoft/calculator,78,NICE-TeamCity
68,9,7,9,3,1,2019,1195575,303286,892289,1024,Microsoft/calculator,31,aoya6i
69,10,1,10,3,1,2019,1231049,289152,941897,872,gotify/server,139,DzianisMatveyenka
70,11,2,10,3,1,2019,1891992,612442,1279550,1037,ityouknow/spring-boot-examples,37,sunshykin
71,12,3,10,3,1,2019,1918414,633788,1284626,894,codercom/code-server,126,bvcms-teamcity
72,13,4,10,3,1,2019,1802183,605188,1196995,928,timvisee/ffsend,37,volkova229
73,14,5,10,3,1,2019,1906164,638453,1267711,724,mozilla/send,63,ViachaslauKarotki
74,15,6,10,3,1,2019,1757964,593069,1164895,1297,ShiqiYu/libfacedetection,55,NICE-TeamCity
75,16,7,10,3,1,2019,1153675,291659,862016,668,selfteaching/the-craft-of-selfteaching,51,bvcms-teamcity
76,17,1,11,3,1,2019,1189471,287270,902201,342,twhite96/js-dev-reads,45,Yaz-GitHub-Admin
77,18,2,11,3,1,2019,1891290,637831,1253459,1518,selfteaching/the-craft-of-selfteaching,116,NICE-TeamCity
78,19,3,11,3,1,2019,1944320,644490,1299830,1161,cirosantilli/x86-bare-metal-examples,76,MarcoMancha
79,20,4,11,3,1,2019,1984382,674778,1309604,950,scutan90/DeepLearning-500-questions,74,kdrozdov
80,21,5,11,3,1,2019,1881011,637159,1243852,1014,clone95/Machine-Learning-Study-Path-March-2019,92,NICE-TeamCity
81,22,6,11,3,1,2019,1780762,599258,1181504,789,selfteaching/the-craft-of-selfteaching,60,elpiankova
82,23,7,11,3,1,2019,1174747,289329,885418,366,ajbrock/BigGAN-PyTorch,76,0pdd
83,24,1,12,3,1,2019,1243378,294825,948553,1156,valeriansaliou/sonic,44,0pdd
84,25,2,12,3,1,2019,1877924,617852,1260072,1179,fyne-io/fyne,64,ploko
85,26,3,12,3,1,2019,1987818,680654,1307164,706,valeriansaliou/sonic,90,vanjaBijalkovic
86,27,4,12,3,1,2019,1942830,649926,1292904,14904,996icu/996.ICU,84,harrietty
87,28,5,12,3,1,2019,1998131,637419,1360712,76056,996icu/996.ICU,22,bvcms-teamcity
88,29,6,12,3,1,2019,1890513,610622,1279891,66269,996icu/996.ICU,35,russo-matrosso
89,30,7,12,3,1,2019,1248539,324539,924000,16066,996icu/996.ICU,40,yttmwork
90,31,1,13,3,1,2019,1205519,286805,918714,8808,996icu/996.ICU,84,fsantanna-uerj
91,1,2,13,4,2,2019,1864225,621450,1242775,17217,996icu/996.ICU,60,MarcoMancha
92,2,3,13,4,2,2019,1989278,666506,1322772,14745,996icu/996.ICU,80,opentable-devops
93,3,4,13,4,2,2019,1994220,671479,1322741,15635,996icu/996.ICU,49,harrietty
94,4,5,13,4,2,2019,1959813,674164,1285649,12608,996icu/996.ICU,52,opentable-devops
95,5,6,13,4,2,2019,1682800,570712,1112088,3835,996icu/996.ICU,124,bvcms-teamcity
96,6,7,13,4,2,2019,1133556,282998,850558,3568,996icu/996.ICU,41,ellenspertus
97,7,1,14,4,2,2019,1231442,297841,933601,3829,996icu/996.ICU,143,adityagaurav2018
98,8,2,14,4,2,2019,1983136,653818,1329318,11280,996icu/996.ICU,195,ataylorme
99,9,3,14,4,2,2019,1815750,593954,1221796,9843,996icu/996.ICU,41,latobarita
100,10,4,14,4,2,2019,1995154,665780,1329374,6938,996icu/996.ICU,58,dongchan55
101,11,5,14,4,2,2019,1930626,636724,1293902,4886,996icu/996.ICU,36,ViachaslauKarotki
102,12,6,14,4,2,2019,1818809,605394,1213415,3540,996icu/996.ICU,46,xavierlepretre
103,13,7,14,4,2,2019,1213140,300097,913043,2888,996icu/996.ICU,84,VeikoSoomets
104,14,1,15,4,2,2019,1230377,291033,939344,2263,996icu/996.ICU,62,miroslav-lee
105,15,2,15,4,2,2019,1857094,622352,1234742,4370,996icu/996.ICU,78,xavierlepretre
106,16,3,15,4,2,2019,1962432,658973,1303459,3511,996icu/996.ICU,67,xavierlepretre
107,17,4,15,4,2,2019,1866750,630763,1235987,2474,996icu/996.ICU,50,kitejung01
108,18,5,15,4,2,2019,1783497,605852,1177645,2058,996icu/996.ICU,114,xavierlepretre
109,19,6,15,4,2,2019,1545986,476435,1069551,1608,996icu/996.ICU,49,kangwonlee
110,20,7,15,4,2,2019,1109098,275923,833175,1029,RomuloOliveira/commit-messages-guide,254,Mdbadsax1
111,21,1,16,4,2,2019,1104139,258038,846101,622,996icu/996.ICU,95,rrivas-utec
112,22,2,16,4,2,2019,1740128,506205,1233923,8176,openbilibili/go-common,49,kdrozdov
113,23,3,16,4,2,2019,1977780,655065,1322715,4310,MSWorkers/support.996.ICU,60,tarasenkoMariya
114,24,4,16,4,2,2019,1967315,667395,1299920,3555,996icu/996.ICU,70,xavierlepretre
115,25,5,16,4,2,2019,1900963,643143,1257820,1765,996icu/996.ICU,109,Freeman699
116,26,6,16,4,2,2019,1767713,596374,1171339,1185,996icu/996.ICU,49,adrinekocharian
117,27,7,16,4,2,2019,1170934,294465,876469,1118,TheAlgorithms/Python,39,JoyceQwQ
118,28,1,17,4,2,2019,1293283,323122,970161,2814,TheAlgorithms/Python,66,kangwonlee
119,29,2,17,4,2,2019,1833270,613795,1219475,1865,TheAlgorithms/Python,84,xavierlepretre
120,30,3,17,4,2,2019,1858827,624722,1234105,1250,TheAlgorithms/Python,40,MykolaSolyanko
121,1,4,17,5,2,2019,1548831,490451,1058380,589,TheAlgorithms/Python,86,AleksNeStu
122,2,5,17,5,2,2019,1753541,590959,1162582,1291,jackfrued/Python-100-Days,60,MykolaSolyanko
123,3,6,17,5,2,2019,1636042,546374,1089668,864,jackfrued/Python-100-Days,25,xavierlepretre
124,4,7,17,5,2,2019,1169493,294208,875285,793,jackfrued/Python-100-Days,49,aranbruce
125,5,1,18,5,2,2019,1308060,318382,989678,1473,jackfrued/Python-100-Days,68,MykolaSolyanko
126,6,2,18,5,2,2019,1824052,595748,1228304,2321,jackfrued/Python-100-Days,118,GitCop
127,7,3,18,5,2,2019,1903718,663244,1240474,14419,microsoft/Terminal,60,adelRestom
128,8,4,18,5,2,2019,1643195,562891,1080304,7980,microsoft/Terminal,38,opentable-devops
129,9,5,18,5,2,2019,1847545,632547,1214998,3857,microsoft/Terminal,103,xavierlepretre
130,10,6,18,5,2,2019,1763159,599400,1163759,2521,microsoft/Terminal,49,linxi1993
131,11,7,18,5,2,2019,1145406,296769,848637,1492,microsoft/Terminal,22,adelRestom
132,12,1,19,5,2,2019,1158940,286111,872829,1313,DeadBread76/Raid-Toolbox,66,mbakhoff
133,13,2,19,5,2,2019,1839282,625640,1213642,1486,lettier/3d-game-shaders-for-beginners,71,xavierlepretre
134,14,3,19,5,2,2019,1949326,662783,1286543,1113,dwmkerr/hacker-laws,44,kdrozdov
135,15,4,19,5,2,2019,1913048,654871,1258177,1447,jackfrued/Python-100-Days,71,kdrozdov
136,16,5,19,5,2,2019,1885404,644525,1240879,1484,jackfrued/Python-100-Days,46,heitorPB
137,17,6,19,5,2,2019,1720294,588876,1131418,964,jackfrued/Python-100-Days,72,PeterMarotiGFA
138,18,7,19,5,2,2019,1104451,282192,822259,571,jackfrued/Python-100-Days,29,kdrozdov
139,19,1,20,5,2,2019,1156454,280429,876025,1161,jackfrued/Python-100-Days,42,maestro930
140,20,2,20,5,2,2019,1798921,604940,1193981,958,jackfrued/Python-100-Days,194,termux-io
141,21,3,20,5,2,2019,1905163,638617,1266546,1076,weskerfoot/DeleteFB,41,termux-io
142,22,4,20,5,2,2019,1881536,635401,1246135,758,jlevy/the-art-of-command-line,56,tarasenkoMariya
143,23,5,20,5,2,2019,1893509,643879,1249630,2934,jlevy/the-art-of-command-line,31,xamarin-release-manager
144,24,6,20,5,2,2019,1743111,598881,1144230,1235,jlevy/the-art-of-command-line,59,BLRplex
145,25,7,20,5,2,2019,1112112,294126,817986,545,jlevy/the-art-of-command-line,91,Ash258
146,26,1,21,5,2,2019,1100546,268827,831719,538,jlevy/the-art-of-command-line,34,pjoe652
147,27,2,21,5,2,2019,1652018,501516,1150502,750,jlevy/the-art-of-command-line,104,sharapat
148,28,3,21,5,2,2019,1879353,635936,1243417,757,jackfrued/Python-100-Days,62,keeteean
149,29,4,21,5,2,2019,1794698,601485,1193213,1664,metafizzy/zdog,68,xavierlepretre
150,30,5,21,5,2,2019,1818088,597682,1220406,1041,metafizzy/zdog,34,eddygonzalez9708
151,31,6,21,5,2,2019,1767137,581985,1185152,858,algorithm-visualizer/algorithm-visualizer,55,xamarin-release-manager
152,1,7,21,6,2,2019,1126928,291159,835769,933,github/semantic,23,ma8ma
153,2,1,22,6,2,2019,1139035,277044,861991,547,jlevy/the-art-of-command-line,29,DimasikAlmazzik
154,3,2,22,6,2,2019,1814669,615748,1198921,823,jlevy/the-art-of-command-line,52,kgryte
155,4,3,22,6,2,2019,1892186,643870,1248316,903,jlevy/the-art-of-command-line,43,Planeshifter
156,5,4,22,6,2,2019,1901771,649602,1252169,1349,jlevy/the-art-of-command-line,38,adelRestom
157,6,5,22,6,2,2019,1883925,632464,1251461,1936,imhuster/Enterprise-Registration-Data-of-Chinese-Mainland,38,xavierlepretre
158,7,6,22,6,2,2019,1620873,552280,1068593,895,rasbt/deeplearning-models,34,61830
159,8,7,22,6,2,2019,1052975,269930,783045,857,rasbt/deeplearning-models,32,MykolaSolyanko
160,9,1,23,6,2,2019,1096905,266246,830659,1655,TrillCyborg/onefraction,28,tadevosyanl
161,10,2,23,6,2,2019,1781086,571070,1210016,1685,TrillCyborg/fullstack,66,kgryte
162,11,3,23,6,2,2019,1911290,648293,1262997,1767,TrillCyborg/fullstack,56,kgryte
163,12,4,23,6,2,2019,1902919,644862,1258057,1040,TrillCyborg/fullstack,63,moonny76
164,13,5,23,6,2,2019,1888395,637249,1251146,816,TrillCyborg/fullstack,51,efiand
165,14,6,23,6,2,2019,1698211,578914,1119297,938,kefranabg/readme-md-generator,52,rcaa
166,15,7,23,6,2,2019,1053556,265157,788399,718,lydiahallie/javascript-questions,20,kdrozdov
167,16,1,24,6,2,2019,1080995,258160,822835,729,lydiahallie/javascript-questions,25,0pdd
168,17,2,24,6,2,2019,1767629,603561,1164068,1548,lydiahallie/javascript-questions,38,devshgraphicsprogramming
169,18,3,24,6,2,2019,1827763,638472,1189291,3245,libra/libra,32,JuliaRegistrator
170,19,4,24,6,2,2019,1816924,632249,1184675,2551,libra/libra,75,codeviking
171,20,5,24,6,2,2019,1789041,612731,1176310,1437,zihangdai/xlnet,41,MykolaSolyanko
172,21,6,24,6,2,2019,1676880,581802,1095078,981,libra/libra,78,MykolaSolyanko
173,22,7,24,6,2,2019,1073483,280541,792942,647,microsoft/mimalloc,33,MykolaSolyanko
174,23,1,25,6,2,2019,1104918,273025,831893,682,vlang/v,52,asdfg-gfdsa
175,24,2,25,6,2,2019,1814237,629390,1184847,1227,vlang/v,59,Nithin-Mahendran
176,25,3,25,6,2,2019,1902909,672547,1230362,1314,vlang/v,49,volkova229
177,26,4,25,6,2,2019,1854221,655685,1198536,787,vlang/v,36,bvcms-teamcity
178,27,5,25,6,2,2019,1851563,649302,1202261,474,vlang/v,43,kamuiroeru
179,28,6,25,6,2,2019,1620147,567717,1052430,375,bytedance/byteps,28,sev-
180,29,7,25,6,2,2019,1022344,267891,754453,1008,microsoft/WSL2-Linux-Kernel,48,kdrozdov
181,30,1,26,6,2,2019,1029105,256803,772302,2100,jesseduffield/lazydocker,83,mansayk
182,1,2,26,7,3,2019,1769908,609366,1160542,1956,jesseduffield/lazydocker,26,JuliaRegistrator
183,2,3,26,7,3,2019,1821940,633986,1187954,1188,jesseduffield/lazydocker,29,JuliaRegistrator
184,3,4,26,7,3,2019,1821597,641508,1180089,1107,jesseduffield/lazydocker,38,dev-priporov
185,4,5,26,7,3,2019,1626164,525687,1100477,756,jackfrued/Python-100-Days,119,jonorthwash
186,5,6,26,7,3,2019,1542819,507763,1035056,2512,ddbourgin/numpy-ml,81,jonorthwash
187,6,7,26,7,3,2019,1042264,258407,783857,771,ddbourgin/numpy-ml,296,ninjapanu
188,7,1,27,7,3,2019,1056395,254249,802146,471,ddbourgin/numpy-ml,55,koguzhan
189,8,2,27,7,3,2019,1815399,626539,1188860,623,ddbourgin/numpy-ml,34,adrianzaorski
190,9,3,27,7,3,2019,1905903,666430,1239473,971,Advanced-Frontend/Daily-Interview-Question,49,xamarin-release-manager
191,10,4,27,7,3,2019,1890747,663735,1227012,726,Advanced-Frontend/Daily-Interview-Question,71,ViviZa
192,11,5,27,7,3,2019,1977572,676943,1300629,831,facebook/hermes,64,norotime
193,12,6,27,7,3,2019,1785644,614772,1170872,1251,facebook/hermes,65,xavierlepretre
194,13,7,27,7,3,2019,1126995,285309,841686,428,facebook/hermes,27,xamarin-release-manager
195,14,1,28,7,3,2019,1117579,279806,837773,314,facebook/hermes,20,JuliaRegistrator
196,15,2,28,7,3,2019,1853870,632816,1221054,2544,taosdata/TDengine,57,xavierlepretre
197,16,3,28,7,3,2019,1900727,655654,1245073,1232,taosdata/TDengine,82,rouing
198,17,4,28,7,3,2019,1930143,676055,1254088,908,chrislgarry/Apollo-11,102,norotime
199,18,5,28,7,3,2019,1886137,657097,1229040,1986,guyueyingmu/avbook,117,thuongtq1983
200,19,6,28,7,3,2019,1838548,672117,1166431,2876,chrislgarry/Apollo-11,60,xavierlepretre
201,20,7,28,7,3,2019,1103711,278805,824906,2343,chrislgarry/Apollo-11,61,conda-forge-linter
202,21,1,29,7,3,2019,1127414,276944,850470,1374,chrislgarry/Apollo-11,43,xandymp
203,22,2,29,7,3,2019,1900838,685591,1215247,1662,0voice/interview_internal_reference,93,ajankenm
204,23,3,29,7,3,2019,1997273,747283,1249990,1011,0voice/interview_internal_reference,126,norotime
205,24,4,29,7,3,2019,1915450,701425,1214025,693,0voice/interview_internal_reference,78,evgenlytkin
206,25,5,29,7,3,2019,1795099,610757,1184342,885,jwasham/coding-interview-university,52,xavierlepretre
207,26,6,29,7,3,2019,1684488,573738,1110750,1070,1995parham/github-do-not-ban-us,52,demofan
208,27,7,29,7,3,2019,1078331,286798,791533,3015,1995parham/github-do-not-ban-us,84,Wubblu
209,28,1,30,7,3,2019,1140583,277360,863223,1787,1995parham/github-do-not-ban-us,55,Wubblu
210,29,2,30,7,3,2019,1874390,630463,1243927,2695,1995parham/github-do-not-ban-us,40,NICE-TeamCity
211,30,3,30,7,3,2019,1958348,666497,1291851,1594,1995parham/github-do-not-ban-us,117,mbtace
212,31,4,30,7,3,2019,1916686,658081,1258605,919,1995parham/github-do-not-ban-us,69,NICE-TeamCity
213,1,5,30,8,3,2019,1893163,660083,1233080,571,jwasham/coding-interview-university,84,MykolaSolyanko
214,2,6,30,8,3,2019,1733793,594273,1139520,469,Moosphan/Android-Daily-Interview,45,MykolaSolyanko
215,3,7,30,8,3,2019,1097951,275127,822824,809,sqshq/sampler,47,MykolaSolyanko
216,4,1,31,8,3,2019,1114396,264287,850109,417,sqshq/sampler,35,adelRestom
217,5,2,31,8,3,2019,1839557,624084,1215473,733,ziishaned/learn-regex,103,jonpugh
218,6,3,31,8,3,2019,1893727,647275,1246452,668,ricklamers/gridstudio,50,bvcms-teamcity
219,7,4,31,8,3,2019,1900357,655699,1244658,888,datawhalechina/leeml-notes,40,MykolaSolyanko
220,8,5,31,8,3,2019,1881233,656495,1224738,528,arpitjindal97/technology_books,98,kushp-argus
221,9,6,31,8,3,2019,1775735,614156,1161579,533,datawhalechina/leeml-notes,79,xavierlepretre
222,10,7,31,8,3,2019,1145995,303647,842348,477,Awesome-HarmonyOS/HarmonyOS,57,thejocus
223,11,1,32,8,3,2019,1121925,278540,843385,377,Awesome-HarmonyOS/HarmonyOS,39,MykolaSolyanko
224,12,2,32,8,3,2019,1803129,623139,1179990,2421,Awesome-HarmonyOS/HarmonyOS,66,xavierlepretre
225,13,3,32,8,3,2019,1896088,661017,1235071,3324,Awesome-HarmonyOS/HarmonyOS,49,BlackCatts
226,14,4,32,8,3,2019,1885763,658729,1227034,1619,Awesome-HarmonyOS/HarmonyOS,42,xavierlepretre
227,15,5,32,8,3,2019,1727115,590670,1136445,1423,hoanhan101/ultimate-go,56,adherent23
228,16,6,32,8,3,2019,1705848,581708,1124140,575,hoanhan101/ultimate-go,99,brho
229,17,7,32,8,3,2019,1135087,282147,852940,1015,Cocos-BCX/ERC-1808,27,MykolaSolyanko
230,18,1,33,8,3,2019,1216029,286366,929663,616,yangshun/tech-interview-handbook,51,MykolaSolyanko
231,19,2,33,8,3,2019,1920062,637757,1282305,1725,timqian/chart.xkcd,62,mrayor
232,20,3,33,8,3,2019,1953542,665707,1287835,1328,ruanyf/free-books,33,xamarin-release-manager
233,21,4,33,8,3,2019,1987623,669343,1318280,951,Cocos-BCX/JSSDK-Demo,47,xamarin-release-manager
234,22,5,33,8,3,2019,1914495,656918,1257577,575,ruanyf/free-books,53,bvcms-teamcity
235,23,6,33,8,3,2019,1763678,601327,1162351,1410,Y2Z/monolith,95,bvcms-teamcity
236,24,7,33,8,3,2019,1145412,287211,858201,1206,nushell/nushell,26,ruparocks
237,25,1,34,8,3,2019,1155210,277233,877977,459,n64decomp/sm64,81,lisa-rosenberg
238,26,2,34,8,3,2019,1717798,527149,1190649,445,nushell/nushell,61,remedcu
239,27,3,34,8,3,2019,1831225,564042,1267183,455,ziishaned/learn-regex,54,bvcms-teamcity
240,28,4,34,8,3,2019,1886763,572908,1313855,428,liyasthomas/postwoman,41,bvcms-teamcity
241,29,5,34,8,3,2019,2008449,664667,1343782,680,sharkdp/pastel,75,bvcms-teamcity
242,30,6,34,8,3,2019,1794530,589242,1205288,352,PavelDoGreat/WebGL-Fluid-Simulation,24,JuliaRegistrator
243,31,7,34,8,3,2019,1147875,281629,866246,390,Himself65/OpenArkCompiler,101,Varhagna
244,1,1,35,9,3,2019,1191723,279212,912511,500,cmiscm/leonsans,35,retarcorp
245,2,2,35,9,3,2019,1741771,526891,1214880,1743,cmiscm/leonsans,78,Pako7
246,3,3,35,9,3,2019,1946974,649666,1297308,1058,cmiscm/leonsans,86,MykolaSolyanko
247,4,4,35,9,3,2019,2005132,675506,1329626,704,cmiscm/leonsans,43,xavierlepretre
248,5,5,35,9,3,2019,1964734,667766,1296968,511,testerSunshine/12306,51,rijunayak
249,6,6,35,9,3,2019,1837289,631009,1206280,2136,google/eng-practices,43,xamarin-release-manager
250,7,7,35,9,3,2019,1206862,309647,897215,684,microsoft/PowerToys,33,micmec
251,8,1,36,9,3,2019,1282728,303773,978955,46985,M4cs/BabySploit,37,Danielle9897
252,9,2,36,9,3,2019,2025158,685136,1340022,23716,M4cs/BabySploit,48,bvcms-teamcity
253,10,3,36,9,3,2019,2025022,668608,1356414,2198,viraptor/reverse-interview,49,YannickWeber
254,11,4,36,9,3,2019,1961705,647628,1314077,959,testerSunshine/12306,51,collabTester18
255,12,5,36,9,3,2019,557535,155351,402184,556,testerSunshine/12306,37,Mike-CS157A
256,13,6,36,9,3,2019,1302173,472706,829467,338,microsoft/ai-edu,144,collabAuto
257,14,7,36,9,3,2019,1199614,291999,907615,219,viraptor/reverse-interview,32,rocka
258,15,1,37,9,3,2019,1234468,288030,946438,334,ShusenTang/Dive-into-DL-PyTorch,481,ayazhafiz
259,16,2,37,9,3,2019,2004406,663486,1340920,570,microsoft/ai-edu,532,ayazhafiz
260,17,3,37,9,3,2019,2059502,685256,1374246,1815,microsoft/STL,48,bvcms-teamcity
261,18,4,37,9,3,2019,2049011,685682,1363329,588,microsoft/STL,59,bvcms-teamcity
262,19,5,37,9,3,2019,2007409,675422,1331987,3501,dylanaraps/pure-bash-bible,34,latobarita
263,20,6,37,9,3,2019,1832207,616951,1215256,1515,eon01/kubernetes-workshop,83,MartinMalinda
264,21,7,37,9,3,2019,1212122,293580,918542,652,denisidoro/navi,52,habibieeddien
265,22,1,38,9,3,2019,1268967,290997,977970,478,microsoft/cascadia-code,31,snaiksat
266,23,2,38,9,3,2019,1984532,665875,1318657,555,microsoft/cascadia-code,52,collabTester18
267,24,3,38,9,3,2019,1944549,658667,1285882,743,microsoft/c9-python-getting-started,428,ayazhafiz
268,25,4,38,9,3,2019,2052643,693887,1358756,838,microsoft/c9-python-getting-started,32,kdrozdov
269,26,5,38,9,3,2019,2019504,680464,1339040,364,denisidoro/navi,82,lutanya
270,27,6,38,9,3,2019,1870400,640560,1229840,1063,axi0mX/ipwndfu,75,elpiankova
271,28,7,38,9,3,2019,1266779,316790,949989,1203,axi0mX/ipwndfu,69,DzianisMatveyenka
272,29,1,39,9,3,2019,1364833,333914,1030919,888,axi0mX/ipwndfu,53,macajind
273,30,2,39,9,3,2019,1991135,671128,1320007,681,axi0mX/ipwndfu,50,NICE-TeamCity
274,1,3,39,10,4,2019,1984662,653578,1331084,414,iptv-org/iptv,37,xavierlepretre
275,2,4,39,10,4,2019,1968591,649393,1319198,566,iptv-org/iptv,45,NICE-TeamCity
276,3,5,39,10,4,2019,1926387,639780,1286607,600,iptv-org/iptv,55,bvcms-teamcity
277,4,6,39,10,4,2019,1875251,629847,1245404,549,iptv-org/iptv,157,elpiankova
278,5,7,39,10,4,2019,1272283,320182,952101,1130,vuejs/vue-next,24,madskills700
279,6,1,40,10,4,2019,1307321,316707,990614,501,vuejs/vue-next,86,egonw
280,7,2,40,10,4,2019,1957084,659642,1297442,874,idealo/imagededup,76,at-dev-support-01
281,8,3,40,10,4,2019,2054601,684418,1370183,1329,vuejs/vue-next,46,eric-ch
282,9,4,40,10,4,2019,2084869,698685,1386184,1252,kon9chunkit/GitHub-Chinese-Top-Charts,106,trajanmcgill
283,10,5,40,10,4,2019,1965824,651351,1314473,1563,kon9chunkit/GitHub-Chinese-Top-Charts,87,jonpugh
284,11,6,40,10,4,2019,1914586,641402,1273184,1149,kon9chunkit/GitHub-Chinese-Top-Charts,110,jonpugh
285,12,7,40,10,4,2019,1377168,347640,1029528,1043,uber-go/guide,36,Pajinell
286,13,1,41,10,4,2019,1318244,313746,1004498,573,uber-go/guide,42,elpiankova
287,14,2,41,10,4,2019,2027438,659148,1368290,1234,fangzesheng/free-api,66,NICE-TeamCity
288,15,3,41,10,4,2019,2134789,713132,1421657,793,fangzesheng/free-api,67,NICE-TeamCity
289,16,4,41,10,4,2019,2018174,666290,1351884,474,fangzesheng/free-api,161,NICE-TeamCity
290,17,5,41,10,4,2019,2021920,676654,1345266,903,dapr/dapr,49,NICE-TeamCity
291,18,6,41,10,4,2019,1955226,646098,1309128,540,dapr/dapr,131,elpiankova
292,19,7,41,10,4,2019,1319441,325930,993511,385,dapr/dapr,70,ayazhafiz
293,20,1,42,10,4,2019,1361384,318021,1043363,379,tinacms/tinacms,46,alexmozheyko
294,21,2,42,10,4,2019,2277063,694702,1582361,525,ripienaar/free-for-dev,50,NICE-TeamCity
295,22,3,42,10,4,2019,2273386,739677,1533709,407,ripienaar/free-for-dev,46,habibieeddien
296,23,4,42,10,4,2019,2196504,726405,1470099,467,JesseKPhillips/USA-Constitution,53,kimho1215
297,24,5,42,10,4,2019,1987050,670099,1316951,919,JesseKPhillips/USA-Constitution,46,russo-matrosso
298,25,6,42,10,4,2019,1894291,627669,1266622,635,polynote/polynote,69,bvcms-teamcity
299,26,7,42,10,4,2019,1272208,311753,960455,494,muhammederdem/credit-card-form,37,xamarin-release-manager
300,27,1,43,10,4,2019,1292776,303834,988942,521,muhammederdem/credit-card-form,72,michalpuskel
301,28,2,43,10,4,2019,2063109,690899,1372210,532,mgartner/pg_flame,43,NICE-TeamCity
302,29,3,43,10,4,2019,2157818,701882,1455936,1229,zeit/swr,34,JuliaRegistrator
303,30,4,43,10,4,2019,2110331,639260,1471071,591,notepad-plus-plus/notepad-plus-plus,41,fs-support
304,31,5,43,10,4,2019,2235588,662599,1572989,592,zeit/swr,130,saziknows
305,1,6,43,11,4,2019,1933665,618078,1315587,475,menzi11/BullshitGenerator,37,bvcms-teamcity
306,2,7,43,11,4,2019,1695409,356105,1339304,531,menzi11/BullshitGenerator,123,jpdelima
307,3,1,44,11,4,2019,1319320,302745,1016575,2332,danistefanovic/build-your-own-x,81,trajanmcgill
308,4,2,44,11,4,2019,2068695,653694,1415001,1256,danistefanovic/build-your-own-x,161,altheqa
309,5,3,44,11,4,2019,2166980,676262,1490718,886,deezer/spleeter,133,fs-support
310,6,4,44,11,4,2019,2260145,752732,1507413,933,deezer/spleeter,99,edburtnieks
311,7,5,44,11,4,2019,2149605,721599,1428006,579,googlevr/cardboard,44,JuliaRegistrator
312,8,6,44,11,4,2019,1986816,664120,1322696,309,tannerlinsley/react-query,31,JuliaRegistrator
313,9,7,44,11,4,2019,1487019,349689,1137330,299,AceLewis/my_first_calculator.py,72,shaunagm
314,10,1,45,11,4,2019,1307091,314149,992942,258,cyberark/bash-lib,73,Pajinell
315,11,2,45,11,4,2019,2059518,666151,1393367,322,jobbole/awesome-programming-books,29,bvcms-teamcity
316,12,3,45,11,4,2019,2203019,727622,1475397,1594,GoogleChromeLabs/react-adaptive-hooks,84,Pako7
317,13,4,45,11,4,2019,2246215,735133,1511082,1902,menzi11/BullshitGenerator,59,aleks-hyf
318,14,5,45,11,4,2019,2124655,712783,1411872,1616,menzi11/BullshitGenerator,55,NICE-TeamCity
319,15,6,45,11,4,2019,2008037,655739,1352298,1081,menzi11/BullshitGenerator,40,IvanYarochkin
320,16,7,45,11,4,2019,1308896,314773,994123,441,menzi11/BullshitGenerator,54,bvcms-teamcity
321,17,1,46,11,4,2019,1353619,310326,1043293,477,dragen1860/Deep-Learning-with-TensorFlow-book,28,JuliaRegistrator
322,18,2,46,11,4,2019,2142209,706751,1435458,1324,dragen1860/Deep-Learning-with-TensorFlow-book,55,xavierlepretre
323,19,3,46,11,4,2019,2202338,731100,1471238,1148,CoatiSoftware/Sourcetrail,81,bvcms-teamcity
324,20,4,46,11,4,2019,2161648,712166,1449482,830,slackhq/nebula,59,JuliaRegistrator
325,21,5,46,11,4,2019,2132409,704700,1427709,905,CoatiSoftware/Sourcetrail,56,xavierlepretre
326,22,6,46,11,4,2019,1975651,643995,1331656,765,liyasthomas/postwoman,37,JuliaRegistrator
327,23,7,46,11,4,2019,1296841,315861,980980,1214,cantaro86/Financial-Models-Numerical-Methods,31,avpatel
328,24,1,47,11,4,2019,1307128,301006,1006122,639,leandromoreira/digital_video_introduction,52,JuliaRegistrator
329,25,2,47,11,4,2019,2186613,700743,1485870,981,chiphuyen/machine-learning-systems-design,57,NICE-TeamCity
330,26,3,47,11,4,2019,2174491,711207,1463284,626,chiphuyen/machine-learning-systems-design,34,BerezovskyyMax
331,27,4,47,11,4,2019,2086999,685300,1401699,780,jwilber/roughViz,77,LeoNerdoG
332,28,5,47,11,4,2019,1865806,572667,1293139,1009,alyssaxuu/flowy,35,JuliaRegistrator
333,29,6,47,11,4,2019,1648604,503154,1145450,652,521xueweihan/HelloGitHub,59,shakmgaming
334,30,7,47,11,4,2019,1234258,295548,938710,405,evil-huawei/evil-huawei,31,maciekp85
335,1,1,48,12,4,2019,1359046,324002,1035044,698,evil-huawei/evil-huawei,28,aditigoswami
336,2,2,48,12,4,2019,2206083,719481,1486602,2804,evil-huawei/evil-huawei,117,NICE-TeamCity
337,3,3,48,12,4,2019,2355203,743553,1611650,2147,evil-huawei/evil-huawei,84,ayazhafiz
338,4,4,48,12,4,2019,2279911,743020,1536891,931,evil-huawei/evil-huawei,76,LeoNerdoG
339,5,5,48,12,4,2019,2223447,715625,1507822,844,evil-huawei/evil-huawei,38,JuliaRegistrator
340,6,6,48,12,4,2019,2173555,666601,1506954,717,trekhleb/nano-neuron,59,bvcms-teamcity
341,7,7,48,12,4,2019,1309011,324870,984141,818,Atarity/deploy-your-own-saas,290,PeacekeeperAlex
342,8,1,49,12,4,2019,1340443,308803,1031640,223,521xueweihan/HelloGitHub,47,JuliaRegistrator
343,9,2,49,12,4,2019,2169633,714127,1455506,439,AIDungeon/AIDungeon,114,msisov
344,10,3,49,12,4,2019,2182407,736184,1446223,445,docker-slim/docker-slim,78,Pako7
345,11,4,49,12,4,2019,2143715,729062,1414653,1214,docker-slim/docker-slim,76,Pako7
346,12,5,49,12,4,2019,2064429,691400,1373029,1509,huginn/huginn,57,bvcms-teamcity
347,13,6,49,12,4,2019,1903109,633741,1269368,1207,huginn/huginn,44,JuliaRegistrator
348,14,7,49,12,4,2019,1270734,338025,932709,314,huginn/huginn,35,xamarin-release-manager
349,15,1,50,12,4,2019,1291426,313563,977863,312,dwarvesf/hidden,47,juan-dev-art
350,16,2,50,12,4,2019,2105302,703483,1401819,276,junerain123/JAV-Scraper-and-Rename-local-files,59,bvcms-teamcity
351,17,3,50,12,4,2019,2098910,718398,1380512,1844,LingDong-/wenyan-lang,86,AlexeyBondarY
352,18,4,50,12,4,2019,2060489,710908,1349581,4478,LingDong-/wenyan-lang,41,Pako7
353,19,5,50,12,4,2019,2102920,702963,1399957,2779,LingDong-/wenyan-lang,117,LeoNerdoG
354,20,6,50,12,4,2019,1978167,621512,1356655,1710,LingDong-/wenyan-lang,161,LeoNerdoG
355,21,7,50,12,4,2019,1146804,288740,858064,580,LingDong-/wenyan-lang,60,madskills700
356,22,1,51,12,4,2019,1141362,274807,866555,341,dosyago/22120,39,yonathan06
357,23,2,51,12,4,2019,1630523,486292,1144231,800,testerSunshine/12306,61,sq-dr-art2
358,24,3,51,12,4,2019,1362873,384414,978459,922,testerSunshine/12306,40,ct-anaalbic
359,25,4,51,12,4,2019,1119265,297933,821332,1127,testerSunshine/12306,40,ValentinaKocharyan
360,26,5,51,12,4,2019,1405039,381163,1023876,1164,testerSunshine/12306,51,qualisBot
361,27,6,51,12,4,2019,1480031,411508,1068523,1158,chinese-poetry/chinese-poetry,78,bvcms-teamcity
362,28,7,51,12,4,2019,1435823,302612,1133211,932,FiloSottile/age,97,JavaItAcademy
363,29,1,52,12,4,2019,1578958,300537,1278421,368,chinese-poetry/chinese-poetry,34,codevidn
364,30,2,52,12,4,2019,1773437,446157,1327280,1732,imsnif/what,79,nadiacomanici
365,31,3,52,12,4,2019,1304708,364482,940226,670,imsnif/bandwhich,108,nadiacomanici
